{
  "speaker": {
    "brightness": {
      "min": 0.0,
      "max": 161.4538400355297,
      "mean": 95.9230541031887,
      "std": 46.99182362603178
    },
    "brightness_variation": {
      "min": 0.0,
      "max": 109.27452634069742,
      "mean": 81.66749849566794,
      "std": 32.38188744070189
    },
    "is_transition": {
      "min": 0.0,
      "max": 1.0,
      "mean": 0.1111111111111111,
      "std": 0.2832788618662659
    },
    "edge_density": {
      "min": 0.0,
      "max": 0.021367288436692507,
      "mean": 0.010479426859029571,
      "std": 0.007845021891309265
    },
    "top_bar_brightness": {
      "min": 0.0,
      "max": 177.78345849483205,
      "mean": 99.69217875215332,
      "std": 53.839700030494726
    },
    "bottom_bar_brightness": {
      "min": 0.0,
      "max": 103.96424418604651,
      "mean": 65.9502980436226,
      "std": 32.38902804814858
    },
    "center_brightness": {
      "min": 0.0,
      "max": 237.0089236111111,
      "mean": 150.15895342108098,
      "std": 80.94514925851269
    },
    "center_variation": {
      "min": 0.0,
      "max": 53.228909665385565,
      "mean": 33.197340141438495,
      "std": 13.068055948371116
    },
    "text_line_density": {
      "min": 0.0,
      "max": 0.004613008720930232,
      "mean": 0.0022167940712029856,
      "std": 0.002167815804455602
    },
    "ui_line_density": {
      "min": 0.0,
      "max": 0.0023092296511627907,
      "mean": 0.001239665204206144,
      "std": 0.0007556215581004842
    },
    "top_ui_density": {
      "min": 0.0,
      "max": 0.04975169573643411,
      "mean": 0.022353944605943154,
      "std": 0.021706677203996556
    },
    "color_variance": {
      "min": 0.0,
      "max": 109.7958239153361,
      "mean": 57.54064458244144,
      "std": 35.38212140932848
    },
    "white_ratio": {
      "min": 0.0,
      "max": 0.6075504683462533,
      "mean": 0.22547042667061443,
      "std": 0.23059710378270726
    },
    "face_ratio": {
      "min": 0.0,
      "max": 0.01230499031007752,
      "mean": 0.002490898874892334,
      "std": 0.0032159710327425207
    },
    "face_count": {
      "min": 0.0,
      "max": 3.0,
      "mean": 0.8333333333333334,
      "std": 0.7993052538854533
    },
    "motion_magnitude": {
      "min": 0.0,
      "max": 16.34601402282715,
      "mean": 4.521727053241597,
      "std": 6.8728412343215135
    },
    "motion_area": {
      "min": 0.0,
      "max": 0.3009954376614987,
      "mean": 0.10408684817327019,
      "std": 0.12322607698061906
    },
    "motion_smoothness": {
      "min": 0.0,
      "max": 58.51383590698242,
      "mean": 17.84631269176801,
      "std": 24.06856257665122
    },
    "content_stability": {
      "min": 0.027285627524058022,
      "max": 1.0,
      "mean": 0.3580983118878469,
      "std": 0.3040357453315775
    },
    "ocr_confidence": {
      "min": 0.0,
      "max": 0.0,
      "mean": 0.0,
      "std": 0.0
    }
  },
  "slides": {
    "brightness": {
      "min": 0.0,
      "max": 187.5932422884367,
      "mean": 147.63330799915116,
      "std": 53.04800365899858
    },
    "brightness_variation": {
      "min": 0.0,
      "max": 118.59638936639774,
      "mean": 100.42945276855393,
      "std": 31.807682031596922
    },
    "is_transition": {
      "min": 0.0,
      "max": 1.0,
      "mean": 0.08449074074074074,
      "std": 0.2760628971182019
    },
    "edge_density": {
      "min": 0.0,
      "max": 0.04264555071059432,
      "mean": 0.01956282228130948,
      "std": 0.012693089869249406
    },
    "top_bar_brightness": {
      "min": 0.0,
      "max": 199.84103682170542,
      "mean": 144.29981942037531,
      "std": 63.351474489956516
    },
    "bottom_bar_brightness": {
      "min": 0.0,
      "max": 187.51810400516797,
      "mean": 143.28259325173875,
      "std": 62.87684615806475
    },
    "center_brightness": {
      "min": 0.0,
      "max": 251.13463582041345,
      "mean": 197.80744124109617,
      "std": 73.99279678858102
    },
    "center_variation": {
      "min": 0.0,
      "max": 92.1106421587513,
      "mean": 52.60000374938743,
      "std": 30.191982437522793
    },
    "text_line_density": {
      "min": 0.0,
      "max": 0.010964349160206718,
      "mean": 0.0036809152782402415,
      "std": 0.0031617984437853144
    },
    "ui_line_density": {
      "min": 0.0,
      "max": 0.004575460271317829,
      "mean": 0.002506343851709947,
      "std": 0.0013419631140307085
    },
    "top_ui_density": {
      "min": 0.0,
      "max": 0.05846656976744186,
      "mean": 0.027212392263704213,
      "std": 0.019602582494803733
    },
    "color_variance": {
      "min": 0.0,
      "max": 115.80866288387605,
      "mean": 60.26646117369336,
      "std": 42.55525944411201
    },
    "white_ratio": {
      "min": 0.0,
      "max": 0.736531411498708,
      "mean": 0.525857837136683,
      "std": 0.24219322104268878
    },
    "face_ratio": {
      "min": 0.0,
      "max": 0.045320574935400516,
      "mean": 0.00494520735773261,
      "std": 0.012222791993124527
    },
    "face_count": {
      "min": 0.0,
      "max": 2.0,
      "mean": 0.6043312178580941,
      "std": 0.5818628941309588
    },
    "motion_magnitude": {
      "min": 5.142186676465599e-09,
      "max": 81.14871978759766,
      "mean": 14.133855239179402,
      "std": 22.903093669724154
    },
    "motion_area": {
      "min": 0.0,
      "max": 0.4822684512273902,
      "mean": 0.15240513813467318,
      "std": 0.18107209495556162
    },
    "motion_smoothness": {
      "min": 2.607302178603277e-07,
      "max": 188.67965698242188,
      "mean": 41.45785702330036,
      "std": 57.346931683632704
    },
    "content_stability": {
      "min": 0.0,
      "max": 0.5785265326499939,
      "mean": 0.21143195910159515,
      "std": 0.1768713452172181
    },
    "ocr_confidence": {
      "min": 0.0,
      "max": 0.0,
      "mean": 0.0,
      "std": 0.0
    }
  },
  "interactive": {
    "brightness": {
      "min": 1.222437419250646,
      "max": 178.08413194444444,
      "mean": 139.68963399308547,
      "std": 54.53719720190743
    },
    "brightness_variation": {
      "min": 13.404419257181216,
      "max": 124.08237619677186,
      "mean": 99.93677464794814,
      "std": 31.017970867756524
    },
    "is_transition": {
      "min": 0.0,
      "max": 0.0,
      "mean": 0.0,
      "std": 0.0
    },
    "edge_density": {
      "min": 0.0006934350775193799,
      "max": 0.033258034560723515,
      "mean": 0.019783447531136082,
      "std": 0.009877158704514225
    },
    "top_bar_brightness": {
      "min": 10.5515382751938,
      "max": 181.35581799095607,
      "mean": 139.21629725672423,
      "std": 60.61841077513713
    },
    "bottom_bar_brightness": {
      "min": 0.0,
      "max": 126.94345930232558,
      "mean": 95.33416207761562,
      "std": 34.73381495889283
    },
    "center_brightness": {
      "min": 0.0,
      "max": 251.7084399224806,
      "mean": 212.3387933290974,
      "std": 75.84873858409284
    },
    "center_variation": {
      "min": 0.0,
      "max": 51.46251715229153,
      "mean": 25.52744165318283,
      "std": 15.584809694882907
    },
    "text_line_density": {
      "min": 2.8666020671834625e-05,
      "max": 0.007856912144702842,
      "mean": 0.004466766339101611,
      "std": 0.002512205355294246
    },
    "ui_line_density": {
      "min": 1.1506782945736433e-05,
      "max": 0.004225815568475452,
      "mean": 0.0017436635207044606,
      "std": 0.0011331704425329343
    },
    "top_ui_density": {
      "min": 0.001847141472868217,
      "max": 0.05547480620155039,
      "mean": 0.03980100857846336,
      "std": 0.01456968166247493
    },
    "color_variance": {
      "min": 3.96080194839829,
      "max": 124.30525471028906,
      "mean": 65.50828497309438,
      "std": 39.87626905506261
    },
    "white_ratio": {
      "min": 0.000990592700258398,
      "max": 0.6655426356589147,
      "mean": 0.5063437476550061,
      "std": 0.21400048247181125
    },